ID,Work Item Type,Title 1,Title 2,Title 3,State,Effort,Business Value,Value Area,Tags
"19","Feature","Automated Response System for Frequently Asked Questions",,,"Active",,,"Business",
"20","User Story",,"As a Customer Service agent, I want Integration with Knowledge Base, so that the Chatbot can provide accurate and up-to-date information to our customers.",,"In Design",,,"Business",
"21","Task",,,"Administer a Comprehensive Training for Customer Service Agents","Closed",,,,
"22","Task",,,"Design a Comprehensive Model for Knowledge Base Integration","Closed",,,,
"23","Task",,,"Conduct a Thorough Analysis of the Existing Knowledge Base","Closed",,,,
"42","Decision",,,"Decision on the Technology Stack to use","New",,,,
"44","Issue",,,"Test Issue","Active",,,,
"40","User Story",,"Change Request: Add Additional Resources Required",,"New",,,"Business",
"41","Change Request",,"Change Request: Add Additional Resources Required",,"New",,,,
"46","Feature","Feature 2",,,"New",,,"Business",
"28","User Story",,"As a Customer Service representative, I want an AI-powered chatbot that accurately understands user queries to enable efficient and effective communication.",,"New",,,"Business",
"29","Task",,,"Develop Query Recognition Feature","New",,,,
"30","Task",,,"Deploy AI Chatbot","New",,,,
"31","Task",,,"Develop Response Generation Module","New",,,,
"47","Feature","Feature 3",,,"New",,,"Business",
"34","User Story",,"As a Customer Service Representative, I want a Chatbot Implemented for Common Inquiries, so that the process can be streamlined and reduce the load on Service Representatives.",,"New",,,"Business",
"35","Task",,,"Training the Service Representatives on Efficiently Using the Chatbot","New",,,,
"36","Task",,,"Coding & Developing the Chatbot With Defined Rules","New",,,,
"37","Task",,,"Understanding and Compiling a List of Common Inquiries and Their Resolutions","New",,,,
"45","Risk",,,"Risk: Address Integration Challenges with other Company Systems","New",,,,